id,beauty_salon_id,path
288,49,https://raw.githubusercontent.com/hamisbela/electrolysis-test3/public/images/74c0c4b9788b940d5f6c2b3e5f4c98b51e3275c4.jpg
3308,424,https://raw.githubusercontent.com/hamisbela/electrolysis-test3/public/images/18b76d9cb43394ec1e5caee798b26de4c36d61dc.jpg
3310,424,https://raw.githubusercontent.com/hamisbela/electrolysis-test3/public/images/77aa6d79161968423a7e22ee264d8961b10a6b9a.jpg
3313,424,https://raw.githubusercontent.com/hamisbela/electrolysis-test3/public/images/6682284b59c0348adb4a82decf844c40f247f138.jpg
3315,424,https://raw.githubusercontent.com/hamisbela/electrolysis-test3/public/images/9c2ce19ecf2aacf7d675098a5182b0e4b55f9d35.jpg
8345,1068,https://raw.githubusercontent.com/hamisbela/electrolysis-test3/public/images/3b50179ba57a5f1860dee1964573ee0f0db07604.jpg
8350,1068,https://raw.githubusercontent.com/hamisbela/electrolysis-test3/public/images/508b666b7d79384b8622deb21b08b0593fe6fb7b.jpg
8353,1068,https://raw.githubusercontent.com/hamisbela/electrolysis-test3/public/images/b60a5f988e3678344690ed4e1a24ea6ce547c922.jpg
8357,1068,https://raw.githubusercontent.com/hamisbela/electrolysis-test3/public/images/28384a3c45d7f1aa1f4023c844320dd7b3459810.jpg
8404,1071,https://raw.githubusercontent.com/hamisbela/electrolysis-test3/public/images/ab302a3cf7c2a1190dc228eecea648fcad748a09.jpg
9148,1171,https://raw.githubusercontent.com/hamisbela/electrolysis-test3/public/images/75a9d748ab7796f82e4f208e81594344793e5af7.jpg
10145,1351,https://raw.githubusercontent.com/hamisbela/electrolysis-test3/public/images/981200d88d312f63c39232d053b960ba442ae814.jpg
10148,1351,https://raw.githubusercontent.com/hamisbela/electrolysis-test3/public/images/a5ee0e9ccf69c9265008b54344f09ad1069a4da1.jpg
10150,1351,https://raw.githubusercontent.com/hamisbela/electrolysis-test3/public/images/8f5f99731ce9fc710c622da23643337c521903a9.jpg
10151,1351,https://raw.githubusercontent.com/hamisbela/electrolysis-test3/public/images/3f3f89ca72ad6208d189fcb3ea88d72432f8f5c6.jpg
13016,1807,https://raw.githubusercontent.com/hamisbela/electrolysis-test3/public/images/da10e1fdfb1b74d5c31e6dcaeab8ceb5ddc9f974.jpg
13018,1807,https://raw.githubusercontent.com/hamisbela/electrolysis-test3/public/images/05d81dc00d61877495a006a54619b502ab5f37a6.jpg
13365,1858,https://raw.githubusercontent.com/hamisbela/electrolysis-test3/public/images/55127ced25349e35ab32ee987b36ad7c72a474c2.jpg
17809,2589,https://raw.githubusercontent.com/hamisbela/electrolysis-test3/public/images/531b05d602906138bd6f8f3f77106203673cd794.jpg
17812,2589,https://raw.githubusercontent.com/hamisbela/electrolysis-test3/public/images/9391ed905436a963595ecca95fbf466ff5ca58b8.jpg
18804,2779,https://raw.githubusercontent.com/hamisbela/electrolysis-test3/public/images/05a3b941b7ee54a7a98a7f6f3203e047c02fca98.jpg
21039,3211,https://raw.githubusercontent.com/hamisbela/electrolysis-test3/public/images/aba722a3a912af37e51e00862670afc417ded81d.jpg
21042,3211,https://raw.githubusercontent.com/hamisbela/electrolysis-test3/public/images/2619834cf06d3f6855f657dec068f737666b012f.jpg
22562,3432,https://raw.githubusercontent.com/hamisbela/electrolysis-test3/public/images/aa8f27e8004ccd85d866decb667532bf8f521eb5.jpg
24441,3759,https://raw.githubusercontent.com/hamisbela/electrolysis-test3/public/images/e2f6ee95bb94254b5dacbf9bd4dff9af34c39abf.jpg
24777,3807,https://raw.githubusercontent.com/hamisbela/electrolysis-test3/public/images/e7abb94cc050c5b6743a181fe5ef291e5f86ec87.jpg
24778,3807,https://raw.githubusercontent.com/hamisbela/electrolysis-test3/public/images/eb3dc0cfa9157bb1f461e7435c662b9cf2299fe6.jpg
24783,3807,https://raw.githubusercontent.com/hamisbela/electrolysis-test3/public/images/ac58f7645bf0041d244263747d1239561750a3b5.jpg
24784,3807,https://raw.githubusercontent.com/hamisbela/electrolysis-test3/public/images/7a36c4a1daf9a39bb2e762ad783055c935d18a58.jpg
26622,4064,https://raw.githubusercontent.com/hamisbela/electrolysis-test3/public/images/61873832dbf5c64dea58a8154c5c15235aeb5029.jpg
26937,4102,https://raw.githubusercontent.com/hamisbela/electrolysis-test3/public/images/78727889cdfbf340fb70bf0ff08d41b742c327ae.jpg
29843,4504,https://raw.githubusercontent.com/hamisbela/electrolysis-test3/public/images/3f67bc49076754d947fa6cb6192a8ee77f02383a.jpg
29845,4504,https://raw.githubusercontent.com/hamisbela/electrolysis-test3/public/images/feefec63d3eb8553c64f63c508d2dfe5afe0e36b.jpg
29848,4504,https://raw.githubusercontent.com/hamisbela/electrolysis-test3/public/images/3b1dea519859d3a4ad27bcaa48337a7a86fb6f65.jpg
29850,4504,https://raw.githubusercontent.com/hamisbela/electrolysis-test3/public/images/95220bc683425984eb31f07cf8ce360ec4aeb695.jpg
32871,4983,https://raw.githubusercontent.com/hamisbela/electrolysis-test3/public/images/c62963db73ad2035f8c93ffcea01bca825fe1346.jpg
49490,7518,https://raw.githubusercontent.com/hamisbela/electrolysis-test3/public/images/1168672fdf5b6d1f8ce2c731c8c001463e88322f.jpg
49493,7518,https://raw.githubusercontent.com/hamisbela/electrolysis-test3/public/images/4736b876809e1b12c9219e5a3b5a168b66f282b3.jpg
49495,7518,https://raw.githubusercontent.com/hamisbela/electrolysis-test3/public/images/661ad25dfadc1715591f0dc14061a61a2e9803ca.jpg
49498,7518,https://raw.githubusercontent.com/hamisbela/electrolysis-test3/public/images/633f7c2ecd20ffd15442dee01c81b91144c62e30.jpg
49966,7572,https://raw.githubusercontent.com/hamisbela/electrolysis-test3/public/images/04974afd1c8e10fe6e9b153bc298a56665488cf1.jpg
52866,8072,https://raw.githubusercontent.com/hamisbela/electrolysis-test3/public/images/174cba8354b3ba09a3c2ab0003b861e84d625786.jpg
52869,8072,https://raw.githubusercontent.com/hamisbela/electrolysis-test3/public/images/d7334bd2e8e63fdffb2e728ff7596afd43e3f123.jpg
57996,9001,https://raw.githubusercontent.com/hamisbela/electrolysis-test3/public/images/ce805b9deb7149052d4afdc21c70a34abb08548a.jpg
61318,9636,https://raw.githubusercontent.com/hamisbela/electrolysis-test3/public/images/be161b58f2decb968c0a44142d1d6dd71187fc61.jpg
61319,9636,https://raw.githubusercontent.com/hamisbela/electrolysis-test3/public/images/a3594506fefb0ab768178e7d32d4f68ad0f088d7.jpg
61323,9636,https://raw.githubusercontent.com/hamisbela/electrolysis-test3/public/images/c924a8c4c40f88f436866f18dfc8ea5b8c8ac33a.jpg
61324,9636,https://raw.githubusercontent.com/hamisbela/electrolysis-test3/public/images/c7f1b67eb3da62b049767379b9385eff8c8b4b55.jpg
175,9722,https://raw.githubusercontent.com/hamisbela/electrolysis-test3/public/images/730033e3d4ac752ad805104a95cc53c3d7605135.jpg
7616,10862,https://raw.githubusercontent.com/hamisbela/electrolysis-test3/public/images/e49e3407d14d07da4395e602a7611b4b4d9f82a5.jpg
