﻿id,ts,_img_slug,beauty_salon_id
105,2023.10.29 14:05,https://i2.ypcdn.com/blob/b25354d43d99b3d54b4c0575a3f74a1daaf20669_640.jpg,49
1062,2023.10.29 14:05,https://i1.ypcdn.com/blob/f4ff30fb122099eb8b2f392ad10f094d17c0b1d5_640.jpg,424
1063,2023.10.29 14:05,https://i4.ypcdn.com/blob/d814043cb5a4554862d86a98bcb25c0b95d07e17_640.jpg,424
1064,2023.10.29 14:05,https://i4.ypcdn.com/blob/bab26b638d3fcfa37a0de11275178605859514d2_640.jpg,424
1065,2023.10.29 14:05,https://i1.ypcdn.com/blob/b0951cbca159ee4e96a047a750d502492fcf98e5_640.jpg,424
2837,2023.10.29 14:05,https://i4.ypcdn.com/blob/9533f0feeb95722bf82af5c6219c3941d11a7164_640.jpg,1068
2838,2023.10.29 14:05,https://i4.ypcdn.com/blob/2e5935afd22593a267d174b92e66f80d4a4703d9_640.jpg,1068
2839,2023.10.29 14:05,https://i1.ypcdn.com/blob/f513313a9bd44b81095c05892536fd44318646ae_640.jpg,1068
2840,2023.10.29 14:05,https://i1.ypcdn.com/blob/a01a9485b966c9f2ce2dbeac167570fe572bc073_640.jpg,1068
2851,2023.10.29 14:05,https://i3.ypcdn.com/blob/2e66950f62e8b05e5fcf11092d715f61f14b55a9_640.jpg,1071
3130,2023.10.29 14:05,https://i2.ypcdn.com/blob/2a18359053864b74529b3aa20ef78e94646383d8_640.jpg,1171
3526,2023.10.29 14:05,https://i4.ypcdn.com/blob/040f3c94c1b1814d0e96c2ea6cc9f6842a85202e_640.jpg,1351
3527,2023.10.29 14:05,https://i4.ypcdn.com/blob/0b9afa13919820d20c64b7bd27a8c0ffaa7387c6_640.jpg,1351
3528,2023.10.29 14:05,https://i2.ypcdn.com/blob/d336be08c6f7b2079f283f634b18d428b1b17834_640.jpg,1351
3529,2023.10.29 14:05,https://i1.ypcdn.com/blob/297b40bdf307f8b7c5662a1caeaaeafe676122c1_640.jpg,1351
4529,2023.10.29 14:05,https://i4.ypcdn.com/blob/4dabdc0d9258e951128685d1c116b58edab9d6dd_640.jpg,1807
4530,2023.10.29 14:05,https://i3.ypcdn.com/blob/6989e7484e99b83cdc9dfbefb4b8d96267f476e6_640.jpg,1807
4634,2023.10.29 14:05,https://i4.ypcdn.com/blob/0f12890ffcd0a240e6f5a64ce60410cef97ce5fb_640.jpg,1858
6230,2023.10.29 14:05,https://i2.ypcdn.com/blob/48525e78adaba2760e664dd93ec7cad3cb4fc37d_640.jpg,2589
6231,2023.10.29 14:05,https://i3.ypcdn.com/blob/185f5df718b0b66dc4c8d2c723bacda5130156da_640.jpg,2589
6639,2023.10.29 14:05,https://i1.ypcdn.com/blob/e0fcf474ff932db36b2b176411639fbad0288bdf_640.jpg,2779
7425,2023.10.29 14:05,https://i2.ypcdn.com/blob/96930b2a2403c857a87a46081237c62a337533bc_640.jpg,3211
7426,2023.10.29 14:05,https://i3.ypcdn.com/blob/67bda415690d8a3386af388ade1b4510879f1f6f_640.jpg,3211
7944,2023.10.29 14:05,https://i1.ypcdn.com/blob/898a8df08a4f3243a027eba1f91ba224a29af1b3_640.jpg,3432
8620,2023.10.29 14:05,https://i3.ypcdn.com/blob/331d9b93557cc5fbbb3e15a56e53cdcee3f53d92_640.jpg,3759
8748,2023.10.29 14:05,https://i2.ypcdn.com/blob/2de315f5155ec4158e89cf12b416ad999ec2988b_640.jpg,3807
8749,2023.10.29 14:05,https://i1.ypcdn.com/blob/fd35ae6fffa3c69df822ea0fdee38665104c7224_640.jpg,3807
8750,2023.10.29 14:05,https://i2.ypcdn.com/blob/f7cfeff173115e2d69fe0f475b87c6b76a548224_640.jpg,3807
8751,2023.10.29 14:05,https://i3.ypcdn.com/blob/dfceaa4738ab8ba5efe130b8334ea7ffbf72cb78_640.jpg,3807
9417,2023.10.29 14:05,https://i3.ypcdn.com/blob/403a81926d5dd91a167a0ef472f838689b840581_640.jpg,4064
9536,2023.10.29 14:05,https://i2.ypcdn.com/blob/61582e937c34901e7d771b268e10338a467a4bd4_640.jpg,4102
10542,2023.10.29 14:05,https://i4.ypcdn.com/blob/8486b61b9f16e871338f17fc758dc0bb928688b6_640.jpg,4504
10543,2023.10.29 14:05,https://i2.ypcdn.com/blob/00b388052e7bf2b7f88d2d11a1faea2be61ea0d4_640.jpg,4504
10544,2023.10.29 14:05,https://i3.ypcdn.com/blob/acbe871825334593918b5ba413cb839a9268b67d_640.jpg,4504
10545,2023.10.29 14:05,https://i1.ypcdn.com/blob/b11bdd3c7984a806a1b0ad0b0a7e92e0b9f49dff_640.jpg,4504
11619,2023.10.29 14:05,https://i3.ypcdn.com/blob/714ed3d91065f0d47bba6ec26f8acd1d3604168d_640.jpg,4983
17187,2023.10.29 14:05,https://i4.ypcdn.com/blob/15f0bb0c17170fe58317eea4589570cb73892ab5_640.jpg,7518
17188,2023.10.29 14:05,https://i4.ypcdn.com/blob/a0005a8d8a07dbbed03d0fa4d6a07b4a59f7a57d_640.jpg,7518
17189,2023.10.29 14:05,https://i1.ypcdn.com/blob/d39ae20776937edf33c806790f0cbe889887a192_640.jpg,7518
17190,2023.10.29 14:05,https://i2.ypcdn.com/blob/007455fb2305cdb253b2be912e702c9412ffbd6e_640.jpg,7518
17359,2023.10.29 14:05,https://i3.ypcdn.com/blob/fbf8c3ca56a345f730436b7f87009b7a30797035_640.jpg,7572
18342,2023.10.29 14:05,https://i1.ypcdn.com/blob/557696f236fd1d1115be787dcc71fc8ea5940920_640.jpg,8072
18343,2023.10.29 14:05,https://i4.ypcdn.com/blob/3f60aa9fe815c864e6f6bdaab880da8255e2314d_640.jpg,8072
20242,2023.10.29 14:05,https://i3.ypcdn.com/blob/5b7df7fa86faef5594852729d77bdec208076895_640.jpg,9001
21986,2023.10.29 14:05,https://i2.ypcdn.com/blob/f7362f9d8eb33ac8040c172f5d9c22b1eec20ae7_640.jpg,9636
21987,2023.10.29 14:05,https://i4.ypcdn.com/blob/35a6a1c81eb01fa0b400918a89613e74e688b260_640.jpg,9636
21988,2023.10.29 14:05,https://i2.ypcdn.com/blob/6ef80a8f321050c5f2939bcc776de3bb9e64ef1f_640.jpg,9636
21989,2023.10.29 14:05,https://i1.ypcdn.com/blob/3d96bb891995610891131378a27d5d92d1094262_640.jpg,9636
22108,2023.10.29 14:05,https://i4.ypcdn.com/blob/396a13c16758bef61475bc569435d0bf037b1c48_640.jpg,9722
24739,2023.10.29 14:05,https://i1.ypcdn.com/blob/77c0f06734b35502680786aa7a09b84169072804_640.jpg,10862
