id,ts,_slug,review,beauty_salon_id,author,time,rating_stars,collect
1137,2023-10-09 11:21:07,/68006b10-4596-012d-5c1c-001b7805b0a8,"I've been going to Salon Design for 7 years, and I've never had a bad experience there. Any stylist you go to is stellar and their prices are very reasonable. The service and the quality of employees is extraordinary. I have brought countless people to this salon, and they have all been as happy as I am with the service. Salon Design is a great place for all your beauty needs.",1068,wcrusherwins7,05/19/10,five,1
1138,2023-10-09 11:21:07,/d039fbe0-a08f-012c-1f0a-001b7805384c,"The Best Stylist, very professional and you can come on her. Please try to see her if you need hair cut. color and hair extention &amp; etc. You won't regret..........",1068,08sexy,10/21/09,five,1
4166,2023-10-10 03:04:25,/25F273C6-AA48-47F8-D400-26D11039A400,Got the best facial here. Will definitely be back for more.,4102,anonymous,04/24/13,five,
4507,2023-10-10 04:05:19,/B9DAF468-4BD2-545E-4D40-D9FC1039A400,I recommend Jane highly. She does a fantastic job. She's very precise and particular for you. You don't have to tell her every little hair you want removed. She knows!,4306,anonymous,08/19/08,five,
8835,2023-10-10 22:06:19,/D25C3C36-5722-AB84-DD40-6D6F1039A400,"My name is Michele and I decided to go to the nLaser Skin Center to go laser hair removal on my full face. At first I was a little sketchy to try it out because I am African American and heard that a lot of other hair removal places wont work on people with my skin tone, which is a brown complexion. Once I tried it and it and have been doing it now for the past 6 months I can honestly say that I've seen a big difference. The hair on my face is getting harder to see and the process doesn't leave any marks or scars. I recommend anyone of african or american descent to give it try because you wont go wrong.",7354,,07/25/14,five,1
8836,2023-10-10 22:06:19,/4651D52B-14A6-4D4B-DD40-3E941039A400,"Just finished my treatments for laser hair removal. Very happy with the results. Marlena the tech was awesome. Very professional, curteous, and helpful. She worked with my limitations. No redness or scarring. Minimal to no pain. Everything was explained to me on first visit. What hair can be removed and what can't. They don't get gray, but you're told that upfront no surprises. No sales job. Never was i tried to be sold something. Just a good experience. I don't think it would of went so well without Marlena as the tech. The salon is clean and a joy to be in. I will seriously think coming back.",7354,,07/17/14,five,1
8837,2023-10-10 22:06:19,/5A7D691C-4137-B509-0D40-49201039A400,"I've had laser treatment elsewhere, but the results were less than satisfactory. A friend told me about THE LASER SKIN CENTER and couldn't say enough good things about them. On that basis, I gave them a try and was absolutely AMAZED. REALLY!!! The doctors are extremely professional, yet down to earth and accessible. All of the staff are truly wonderful and very knowledgeable regarding the hair removal process and using the various lasers. A BIG PLUS AT THIS FACILITY: they have FIVE different lasers for hair removal purposes- not just one type like most of the other little shops.",7354,,05/10/06,five,1
9045,2023-10-10 23:38:26,/C9385A79-B5A5-12E8-4D40-A68C1039A400,"Image Care Electrolysis is, by far, the best hair removal office I have ever gone to. The service was great. The price was very, very fair!! Also, has a great Skin Care set of offerings!!! Mary Ellen is soooo nice and gave me the best ...‎",7498,anonymous,08/13/10,five,
9046,2023-10-10 23:38:26,/C89F00FD-4145-01E8-4D40-74371039A400,"mage Care Electrolysis is, by far, the best hair removal office I have ever gone to. The service was great. The price was very, very fair!! Also, has a great Skin Care set of offerings!!! Mary Ellen is soooo nice and gave me the best facial I have ever had!!! Pros: On Time!!‎",7498,anonymous,08/13/10,five,
9047,2023-10-10 23:38:26,/C851FB6D-A8FD-96E8-4D40-3C4C1039A400,"""I started going to an Electrologist in 2000. I went to a place in Medford for one year, to no avail. I ended up with more hair than I started out with. I decided to give it another try with someone local. That's when I met Kerrin of Image Care. She couldn't believe that I had any electrolysis treatment prior to our first visit. She also couldn't believe that I gave it another try after such a bad experience. I would recommend Kerrin to anyone who wants results. It's nice to know someone who truly cares about there patrons"".‎",7498,anonymous,08/13/10,five,
9074,2023-10-10 23:53:23,/99AAABD6-6474-52B4-CD40-EC271039A400,"Honestly, try another place. Might be a good deal, but treatments HURT (laser hair removal) and hasn't been too effective.",7518,anonymous,01/19/10,one,
9164,2023-10-11 00:21:55,/2CB54597-415C-C499-CD40-F91E1039A400,"The most casually, elegant spa in the area. Great value, personable & friendly staff! I would highly recommend for all services. Electrologists & laser tech very experienced.",7572,anonymous,11/28/12,five,
9165,2023-10-11 00:21:55,/83F86F02-3932-F101-CD40-8ACC1039A400,I like that they make the confirmation calls as a friendly reminder that I have an upcoming appointment. Their estitician Vivianna shapes and cleans eyebrows to perfection just the way that makes my face look great! Their waiting room is very inviting and great cookies for treats!,7572,,01/26/10,four,1
9166,2023-10-11 00:21:55,/E37AAAC9-0105-A88E-CD40-B1781039A400,"Christine's Day Spa has a great location (on the Milton/Quincy line, off of 93) and ample parking on site and street parking as well. They are always very accomodating, especially if I need to switch appointments. I have been going to see Kristy for over a year and she is wonderful! Kristy's very professional, friendly and quick. She sees me promptly and is great if you're looking for waxing services. I highly recommend her. The staff at Christine's are also friendly and I have always had good experiences here. I have recommended Christine's to my friends and will continue to do so.",7572,,01/20/10,five,1
9167,2023-10-11 00:21:55,/7BD9F982-EF86-0342-CD40-D2EB1039A400,"The Best Spa I have visited ever!!!!! From my first visit, i felt great atmosphere and desire of every single employee to please the customer. I have been amazed by Viviana's eyebrows, her method and technique give you the most beautiful shape, i have tried many different people and could not find anybody better then her. She is amazing at everything else that she does, but eyebrows is her signature, i think. Christie is great at Brazilian bikini, i have been doing my waxing since i was 15, but with Christie, you forget about the pain and uncomfort, she possess quick and effective technique, if you love Brazilian you need to go and see Christie. I have done different procedures at Christine's day Spa and i must say, there is no better place in Boston or in it's surroundings!!!!!!!!!!!!!!!!!!!!!!!!!!!!!!!!!!!!!!!!!!!!!!!!!!!!!!!!!!!!!!!!!!",7572,,09/22/09,five,1
9168,2023-10-11 00:21:55,/11CFB9E0-6416-7E16-28D4-DC301039A400,Christines is the best place to go. The environment is so relaxing and warm. The people are very kind and and welcoming and very Knowledgeable. The prices are a medium high level but it is worth it for the care thats you get. I will not go any where else to get any beauty treatments besides Christines.,7572,,09/20/09,four,1
9169,2023-10-11 00:21:55,/FEA87832-FD4F-173A-8D40-8ED91039A400,"Great experiences! Viviana is a pro and even though I moved from Milton, I still make the trip back just to get my eyebrows done because I won't trust anyone else! Definitely recommend!!!",7572,,09/08/09,five,1
9170,2023-10-11 00:21:55,/FF8A9738-C001-83D4-CD40-37731039A400,It is hard to choose the one reason why I like this place so much. For over 5 years Christine's has been my spa of choice for everything from electrolysis to facials and massages. The staff is just so great. Everyone takes their job very seriously and is focused on great service...not to mention the outstanding prices! Worth it every time.,7572,,03/25/07,five,1
9171,2023-10-11 00:21:55,/352AFCC2-A81A-AFD5-0D40-E3521039A400,"I am a relatively new client, I came to Christine's upon a recommendation from a friend about 8 months ago. I have had facials, massages and waxing from the spa and I can highly recommend each one of these services. The entire spa experience is great, I especially love the cozy feel of the waiting room, it is like sitting in a comfortable living room. I have gone to several other spas in the Milton area but now that I have gone to Christine's I will always be a customer!",7572,,03/12/07,five,1
9172,2023-10-11 00:21:55,/583E16EB-54A6-D2C4-0D40-DEC31039A400,"I had sworn off waxing after a burn at another salon about a year ago, sick of the tweezers I decided to give it another try here. Viviana listened to my concerns and before she even started I was convinced she knew what she was doing. Being fair skinned redness is a given but a couple hours later the redness was gone and I love my perfect brows. I look forward to trying some of the other services here.",7572,,03/09/07,five,1
9173,2023-10-11 00:21:55,/2C69CFB4-7DDF-1382-0D40-11661039A400,"Christine's has all that any hain spa has to offer but with an atmosphere and customer service that is quite superior. I have been going there for 6 years and enjoy every service that they have to offer. The staff is very talented, accomodating, aknowledgeable, and treats you like you are their only client. I've even convinced my husband to go for a massage and he loved it. I've sent both my parents for a full day of services and a number of friends for various treatments. I would highly recommend Christine's to anyone.",7572,LeeAnn,02/24/07,five,
9174,2023-10-11 00:21:55,/65638A31-894C-236A-CD40-1A7D1039A400,"Christines Day Spa, Quincy, MA is a wonderful retreat!The spa offers so many great services. My favorites are the facials, the massages and the manicures/pedicures. I also love to pop in for an eyebrow or lip wax. Whatever service I do decide to indulge in on my visit, its always memorable and relaxing. The staff is excellent! They are welcoming, friendly, experienced professionals. During my services, the staff offer helpful tips and answer any questions I may have.The spas home setting is relaxing and charming. When I arrive, I enjoy some tea and a cookie. During my services, I enjoy the time by soaking in the warm atmosphere and soothing music. The beds are so comfortable! I feel so at home at the spa and so relaxed that I often drift off to sleep. I feel so refreshed upon leaving the spa that I anticipate and look forward to my next visit. (P.S. Check out the new room on the top floor) My husband, family and friends know how much I enjoy the spa that there is never a question on what to get me for my birthday, anniversary, Christmas or other special occasions a gift certificate to Christines Day Spa!",7572,,02/21/07,five,1
9175,2023-10-11 00:21:55,/8FDA880A-6796-6AED-0D40-6A171039A400,"My recent facial treatment was superb! I appreciated the top-quality products, the attentive and friendly staff, and very comfortable/home-like setting. There is a large assortment of wonderful products to purchase- though there is never a hard-sell approach. Christine's services and staff distinguish themselves from others.",7572,,01/27/07,five,1
9176,2023-10-11 00:21:55,/9A998AEA-7640-26CF-CD40-F5821039A400,The service was just great from the minute you walked in the door. Everyone was so nice and very attentive. I had a great massage! And I've had quite a bit over the years. I highly recommend going there for all services; I will!,7572,,01/25/07,five,1
9177,2023-10-11 00:21:55,/F45C0968-1E94-B15C-CD40-CC391039A400,"I have been a client of the spa for over 10 years and I must say that each visit is always an excellent experience which I look forward to each and every time! The atmosphere, the staff and the services are all high quality.The highly skilled staff is friendly and courteous and provides great services above and beyond the norm. It is the only place that enables me relax without even trying. I would highly recommend this spa without hesitation.Please feel free to email me at JTKRUK1@comcast.net should you have any questions.",7572,,01/21/07,five,1
10481,2023-10-11 08:09:05,/1D1998B5-67B2-53F0-CD40-3E361039A400,"This place is a true spa. The experience was wonderful. Robes, slippers, beverages!!!! Not your ordinary Salon with a room in the back called a spa. They have a full service salon and a MedSpa also.",8643,,03/12/07,five,1
13406,2023-10-12 05:20:44,/3D9E0398-F1E1-94F1-9D40-64C01039A400,"Very professional, welcoming, pleasant enviroment. The results are what I've dreamed about. She's an angel that saved my life one zap at a time!",11470,,04/12/16,five,1
13407,2023-10-12 05:20:44,/E820AFFB-762B-C8B2-4D40-6E231039A400,Great owner! She knows what she is doing and takes great care to zap every hair! Office environment is quiet. Prices reasonable. Would definitely recommend!!!,11470,anonymous,01/04/12,five,
15253,2023-10-12 17:11:30,/10717819-E8C4-19A1-64D4-6EAD1039A400,"This is NOT just a waxing and skincare studio, its a full service salon that does everything... coloring, cutting, japanese straighting, keratin smoothing, relaxers, nails, airbrushed tans, waxing (oh yes... guys and girls, all the bits and pieces that you could EVER imagine getting waxed and some that you would't want to imagine ripping hair off of...) The decor is fun and friendly, the staff is wonderful... not a frown to be found!",13326,anonymous,08/26/10,five,
15896,2023-10-12 20:50:12,/91C903AB-AD8D-FA60-8D40-9AA21039A400,absolutely horrible experience. bad customer service! as soon as they get your money they don't' care any more!.,13876,anonymous,11/16/10,one,
17649,2023-10-13 11:50:31,/14C940E0-4213-1245-FCD4-55BC1039A400,The laser hair removal treatments that I received at Advanced Laser were much more comfortable than others that I have had in the past. Joyce explained that it was due to improved technology & it is very comforting knowing that a registered nurse is performing the treatments. Highly recommended.,16715,,03/12/07,five,1
17650,2023-10-13 11:50:31,/10024FB2-80E1-3972-40D4-4AF31039A400,"I am amazed with the results from my photo-facial treatment. I looked into Photo Rejuv. on my Primary Physicians recommendation. Working in sales, the age spots on my face and hands had made me very self conscious, but after treatment, my wife cannot even tell where these spots once existed. The interest-free financing program made my treatments affordable with a low monthly payment. This spa has a very relaxing environment and the fact that the treatments are being performed by a Registered Nurse gave me a positive, comfortable feeling; Joyce is very knowledgeable and friendly. Additionally, working in outside sales creates a very erratic & hectic schedule for me both at work and home. Joyce was willing to open her spa to meet the needs of my schedule.",16715,,03/10/07,five,1
18804,2023-10-13 17:48:45,/928EC5D8-C78C-B8DE-CD40-E3FF1039A400,I am exttemely pleased with the results after only 4 treatments! Sharon is very professional and the treatment room is very clean. The instruments she uses are dispoable or sterilized. Additionally Sharon is sensitive to my comfort level and makes adjustments to her instruments accordingly. I think you too will be pleased & happy you made the decision to try delicate electrolysis!,17731,anonymous,12/29/13,five,
18805,2023-10-13 17:48:45,/6DE3D64F-30F1-115D-0D40-73341039A400,Highly recommend Delicate Electrolysis. I have seen fantastic results. My skin is smoother than ever and hair free. I could not be happier with the results. Try it for yourself - you will not be disappointed.,17731,,06/25/13,five,1
18806,2023-10-13 17:48:45,/2927262F-72F4-A93B-CD40-CC811039A400,"I remember the day when I finally said enough was enough. For years I had been managing the errant hairs on my chin by sneaking away to my bathroom and plucking them the moment that I could see or feel one. As the color and coarseness changed, I progressed to having my chin and upper lip waxed which provided only short-term relief as the hairs reemerged within days of removal. I finally made an appointment with Sharon and was immediately delighted with the results. I really had no idea that Electrolysis would have such a significant impact on my self-esteem or that it could be so affordable and easy. Sharon is thoroughly professional, her facility is spotless and I couldnt be happier with the results. JS-Acton",17731,anonymous,05/20/13,four,
18807,2023-10-13 17:48:45,/A7BD2BE5-8EAB-8D01-0D40-D1E71039A400,"I would highly recommend Delicate Electrolysis. Sharon's home office is meticulously clean, new, big and bright. Sterilization and cleanliness are paramount. She is a qualified professional whose kind personality and master at her skill make her highly sought after. We were so fortunate to find her. The electrolysis she has performed on my teen daughter has given my daughter confidence again. She used to hide her face. Sharon's prices are reasonable, and her hours are very flexible. I almost wasn't going to write this review because I worried that the more that people find out about Delicate Electrolysis, the more difficult it may be to get appointments, (lol). Again, we are so fortunate to have found Delicate Electrolysis. my daughter's confidence has sky rocketed!!! Every aspect of Delicate Electrolysis has been positive!!! I found this business on the Internet and read the reviews just like you are. Hope this helps.",17731,anonymous,01/09/13,five,
18808,2023-10-13 17:48:45,/361464F7-89F9-7708-4D40-CE031039A400,"Having gone to four different electrologists, I am confident in recommending Sharon Grier. Her main focus is the customer and making sure that he/she is getting the best treatment possible. After only three months of treatments, I can see a big improvement.",17731,anonymous,09/11/12,five,
18809,2023-10-13 17:48:45,/2EC0A34D-81A4-EA64-8D40-348C1039A400,Best decision I have made! I have done many laser treatments with little or no results. Sharon takes the time to explain the procedure and makes sure you are comfortable with the treatment. Very professional and immaculate!,17731,anonymous,03/13/12,five,
18810,2023-10-13 17:48:45,/D3BDDBCA-FA8B-6E95-4D40-35181039A400,I am so pleased with the results after only 9 visits! Sharon is very knowledgable and tells you everything you need to know about electrolysis. After trying laser hair removal and NOT being happy with the results I am thrilled with Sharon! And the best part is it is permanent and the laser hair removal was costly and NOT permanent!,17731,anonymous,10/02/11,five,
18811,2023-10-13 17:48:45,/12A8D66A-83D3-28D9-94D4-F0DE1039A400,I would highly recommend Sharon. I tried laser hair removal first and was NOT happy with the results. Sharon is extremely knowledgable and explains everything you need to know about electrolysis. The office is clean and relaxing and the results are amazing!! After all I went through with the disappointment during the laser hair removal I am truly amazed at the results that I am already seeing after only 9 visits! AND the best part is it's permanent and the laser hair removal is NOT!,17731,anonymous,10/02/11,five,
18812,2023-10-13 17:48:45,/3CD193AF-3F70-E468-0D40-77401039A400,"Extremely professional service and attention to safety, cleanliness and comfort. Sharon is warm and friendly and genuinely cares about her clients. I would not hesitate to recommend her to anyone seeking electrolysis services.",17731,anonymous,04/16/11,five,
18813,2023-10-13 17:48:45,/DB5DDB56-59C7-376C-D400-EB511039A400,I have been a client of Sharon's for over 10 years and I have always been extremely pleased with my results. For my very first visit I have been impressed with the immaculate setting and relaxing atmosphere Sharon provides. She is friendly and always concerned with my comfort. The treatments are very effective and I'm the only one aware that I've just it! I guess the best recommendation I can give is that I my daughter is now one of Sharon's very happy clients as well!!,17731,anonymous,03/06/11,five,
18814,2023-10-13 17:48:45,/11C44156-2A6F-DB5B-4CD4-86BB1039A400,I tried laser hair removal with minimal success. Elelctroysis is yielding much better results for my unwanted facial hair. Sharon's office is clean and professional. She takes the time to ensure you understand the treatment and potential results. No false advertising with Sharon. I am very happy that I made the decision to have Sharon take care of my problem.,17731,anonymous,03/05/11,five,
18815,2023-10-13 17:48:45,/53A409F5-36FC-4A0C-D400-3F591039A400,"Sharon works with you to develop a schedule best suited to your needs. The setting is very relaxing and Sharon is very knowledgeable about the process, explaining it in full detail and answering any questions. She is conscientious about her client's needs and attentive to details.",17731,anonymous,02/28/11,five,
18816,2023-10-13 17:48:45,/13BC16E2-55FF-CF8F-BCD4-8EF51039A400,"I've been one of Sharon's clients for some time now. Sharon is very knowledgeable, professional, and flexible. It is a pleasure to visit her spacious, immaculate office and be treated so well. I had some severe facial hair issues when I first began my treatment and I am happy to say that, because of Sharon's expertise, they have been resolved. I couldn't be more pleased with the results!",17731,anonymous,02/26/11,five,
18817,2023-10-13 17:48:45,/12E6ACCF-03F0-2221-ECD4-58AB1039A400,Delicate Electrolysis is fantastic! Sharon is flexible with scheduling appointments around a busy schedule. The office is extremely clean and relaxing and always runs on time. I have never had to wait in the several years I have been going. The hair removal results are amazing!,17731,anonymous,02/26/11,five,
18818,2023-10-13 17:48:45,/DEF490DF-69EA-167C-D400-7E7E1039A400,"Delicate Electrolysis has truly changed my life. It's been only a few months, but the results have been fantastic and I've noticed a drastic change from when I started. Sharon is a delight to visit every week and is truly looking out for the client in every possible way. I highly recommend her for all of your electrolysis needs.",17731,anonymous,02/09/11,five,
18819,2023-10-13 17:48:45,/11FF512F-9BD2-FF74-5CD4-36D91039A400,"I am so happy I found Sharon. I was always so self-conscious of my facial hair and with her help it's now under control. I have had treatments off and on over the years, but now I can commit to getting rid of all of it. She is a sweetie and great to work with. I highly recommend her.",17731,anonymous,02/08/11,five,
18820,2023-10-13 17:48:45,/E0B80709-46E4-5391-8D40-C7941039A400,"I'm a newbie to Delicate Electrolysis, but I know I will be forever thankful for Sharon. I had a whole lot of unwanted facial hair, that was both noticeable and coarse. I've tried waxing and laser removal without great results, and I've gone to other electrolysis that were very painful, and would always leave me with scabs on my face that would last about a week. It was very discouraging. But I was determined to find a way to rid me of my unwanted facial hair, and with all the research I've done on hair removal, I knew that electrolysis had to be the way, I just had to find the right person. And then I found Sharon. She does an amazing job. She's considerate, patient, very knowledgable, and gentle. I can sit through an hour appointment and not mind it, and sometimes even think ""wow has it been an hour already?"" I look in the mirror now and can smile cause there is no more hair where there once was. I am more confident and my chin no longer feels like razor stubble, it's awesome!",17731,anonymous,11/18/10,five,
18821,2023-10-13 17:48:45,/9272EE38-27F9-5340-4D40-C3721039A400,"When I first came through Sharon?s door I really needed some serious help in the department of aesthetics. From the start Sharon was very reassuring and confident in her prognosisof improving my appearance, and only after two months of her treatments, I can say witha big smile, that the results are beyond my expectations. Sharon does an amazing job: she is very professional, personable, and her treatment is very gentle and highly effective. I recommend Delicate Electrolysis to anyone who needs it.G.L.",17731,,02/24/09,five,1
